{"stats":{"minecraft:custom":{"minecraft:time_since_rest":24446,"minecraft:crouch_one_cm":2717,"minecraft:play_time":27253,"minecraft:sprint_one_cm":11303,"minecraft:deaths":1,"minecraft:damage_taken":600,"minecraft:walk_one_cm":5874,"minecraft:sneak_time":1039,"minecraft:mob_kills":1,"minecraft:drop":3,"minecraft:jump":60,"minecraft:damage_dealt":80,"minecraft:leave_game":6,"minecraft:time_since_death":24414,"minecraft:total_world_time":27253,"minecraft:fall_one_cm":8275,"minecraft:fly_one_cm":266613},"minecraft:dropped":{"minecraft:dirt":1,"minecraft:mutton":2,"minecraft:white_wool":1},"minecraft:mined":{"minecraft:short_grass":9,"minecraft:grass_block":1},"minecraft:picked_up":{"minecraft:mutton":4,"minecraft:white_wool":1,"minecraft:dirt":1},"minecraft:used":{"minecraft:glass":24,"minecraft:lime_concrete":34,"minecraft:barrier":52},"minecraft:killed":{"minecraft:sheep":1}},"DataVersion":3953}